<?xml version="1.0"?>
<?xml-stylesheet type="text/xsl" href="configuration.xsl"?>
<!--
/**
 *
 * Licensed to the Apache Software Foundation (ASF) under one
 * or more contributor license agreements.  See the NOTICE file
 * distributed with this work for additional information
 * regarding copyright ownership.  The ASF licenses this file
 * to you under the Apache License, Version 2.0 (the
 * "License"); you may not use this file except in compliance
 * with the License.  You may obtain a copy of the License at
 *
 *     http://www.apache.org/licenses/LICENSE-2.0
 *
 * Unless required by applicable law or agreed to in writing, software
 * distributed under the License is distributed on an "AS IS" BASIS,
 * WITHOUT WARRANTIES OR CONDITIONS OF ANY KIND, either express or implied.
 * See the License for the specific language governing permissions and
 * limitations under the License.
 */
-->
<configuration>
    <property>
        <name>hbase.cluster.distributed</name>
        <value>true</value>
    </property>

    <property>
        <name>hbase.tmp.dir</name>
        <value>/home/hdfs/hbase_tmp</value>
    </property>

    <property>
        <name>hbase.rootdir</name>
        <value>hdfs://grakrabackend/hbase</value>
    </property>

    <property>
        <name>hbase.zookeeper.quorum</name>
        <value>zk0:2181,zk1:2181,zk2:2181</value>
    </property>

    <property>
        <name>zookeeper.znode.parent</name>
        <value>/hbase</value>
    </property>

    <property>
        <name>hbase.master.port</name>
        <value>6300</value>
    </property>

    <property>
        <name>hbase.master.info.port</name>
        <value>6305</value>
    </property>

    <property>
        <name>hbase.regionserver.port</name>
        <value>6310</value>
    </property>

    <property>
        <name>hbase.regionserver.info.port</name>
        <value>6315</value>
    </property>

    <property>
        <name>hbase.regionserver.handler.count</name>
        <value>32</value>
    </property>
    
    <property>
      <name>hbase.ipc.server.callqueue.read.ratio</name>
      <value>0.7</value>
    </property>

    <property>
      <name>hbase.ipc.server.callqueue.scan.ratio</name>
      <value>0.2</value>
    </property>
</configuration>
